<?xml version="1.0" encoding="UTF-8"?>
<export version="D">
  <design>
    <source>C:/Users/Laptop-02/Documents/KiCad/BamBam BoardController/BamBam BoardController.sch</source>
    <date>19.04.2015 20:21:41</date>
    <tool>Eeschema (after 2015-mar-04 BZR unknown)-product</tool>
    <sheet number="1" name="/" tstamps="/">
      <title_block>
        <title>BamBam BoardController</title>
        <company/>
        <rev>1.0</rev>
        <date>19.02.2015</date>
        <source>BamBam BoardController.sch</source>
        <comment number="1" value=""/>
        <comment number="2" value=""/>
        <comment number="3" value=""/>
        <comment number="4" value=""/>
      </title_block>
    </sheet>
    <sheet number="2" name="/BamBam BoardController/" tstamps="/54E61B75/">
      <title_block>
        <title/>
        <company/>
        <rev/>
        <date/>
        <source>BamBam BoardControllerS2.sch</source>
        <comment number="1" value=""/>
        <comment number="2" value=""/>
        <comment number="3" value=""/>
        <comment number="4" value=""/>
      </title_block>
    </sheet>
  </design>
  <components>
    <comp ref="U1">
      <value>TEENSY_3.1+4</value>
      <footprint>Teensy_3_Series_Board_v1.0:Teensy_3_Series_Board_v1.0-TEENSY_3.1+4</footprint>
      <libsource lib="BamBam BoardController-cache" part="TEENSY_3.1+4"/>
      <sheetpath names="/" tstamps="/"/>
      <tstamp>54E24A28</tstamp>
    </comp>
    <comp ref="U2">
      <value>HC_05</value>
      <footprint>w_rf_modules:ITEAD_HC-05</footprint>
      <libsource lib="BamBam BoardController-cache" part="HC_05"/>
      <sheetpath names="/" tstamps="/"/>
      <tstamp>54E2583B</tstamp>
    </comp>
    <comp ref="Extension1">
      <value>Extension</value>
      <footprint>Pin_Headers:Pin_Header_Straight_2x04</footprint>
      <libsource lib="conn" part="CONN_02X04"/>
      <sheetpath names="/" tstamps="/"/>
      <tstamp>54E8BA76</tstamp>
    </comp>
    <comp ref="U5">
      <value>LC78_03-1.0</value>
      <footprint>packages:Gaptec-LC78_03</footprint>
      <libsource lib="BamBam BoardController-cache" part="LC78_"/>
      <sheetpath names="/" tstamps="/"/>
      <tstamp>54E9B984</tstamp>
    </comp>
    <comp ref="Ser2">
      <value>Ser2</value>
      <footprint>Pin_Headers:Pin_Header_Angled_1x03</footprint>
      <libsource lib="conn" part="CONN_01X03"/>
      <sheetpath names="/" tstamps="/"/>
      <tstamp>54ECEBED</tstamp>
    </comp>
    <comp ref="Nunchuk1">
      <value>Nunchuk</value>
      <footprint>Pin_Headers:Pin_Header_Straight_1x04</footprint>
      <libsource lib="conn" part="CONN_01X04"/>
      <sheetpath names="/" tstamps="/"/>
      <tstamp>54ECEF99</tstamp>
    </comp>
    <comp ref="Ser3">
      <value>Ser3</value>
      <footprint>Pin_Headers:Pin_Header_Straight_2x02</footprint>
      <libsource lib="conn" part="CONN_02X02"/>
      <sheetpath names="/" tstamps="/"/>
      <tstamp>54ECF2A3</tstamp>
    </comp>
    <comp ref="Temp1">
      <value>Temp</value>
      <footprint>Pin_Headers:Pin_Header_Angled_1x03</footprint>
      <libsource lib="conn" part="CONN_01X03"/>
      <sheetpath names="/" tstamps="/"/>
      <tstamp>54ECFAA8</tstamp>
    </comp>
    <comp ref="Strom1">
      <value>Strom</value>
      <footprint>Pin_Headers:Pin_Header_Angled_1x03</footprint>
      <libsource lib="conn" part="CONN_01X03"/>
      <sheetpath names="/" tstamps="/"/>
      <tstamp>54ECFB96</tstamp>
    </comp>
    <comp ref="R23">
      <value>4.7K</value>
      <footprint>Resistors_SMD:R_1206</footprint>
      <libsource lib="device" part="R"/>
      <sheetpath names="/" tstamps="/"/>
      <tstamp>54ED00EB</tstamp>
    </comp>
    <comp ref="R20">
      <value>470</value>
      <footprint>Resistors_SMD:R_1206</footprint>
      <libsource lib="device" part="R"/>
      <sheetpath names="/" tstamps="/"/>
      <tstamp>54ED06B9</tstamp>
    </comp>
    <comp ref="rot1">
      <value>Pair</value>
      <footprint>LEDs:LED-0805</footprint>
      <libsource lib="device" part="LED"/>
      <sheetpath names="/" tstamps="/"/>
      <tstamp>54ED0754</tstamp>
    </comp>
    <comp ref="grün1">
      <value>BT-Pair</value>
      <footprint>LEDs:LED-0805</footprint>
      <libsource lib="device" part="LED"/>
      <sheetpath names="/" tstamps="/"/>
      <tstamp>54ED0E0A</tstamp>
    </comp>
    <comp ref="gelb1">
      <value>AT-Mode</value>
      <footprint>LEDs:LED-0805</footprint>
      <libsource lib="device" part="LED"/>
      <sheetpath names="/" tstamps="/"/>
      <tstamp>54ED0E8D</tstamp>
    </comp>
    <comp ref="R21">
      <value>470</value>
      <footprint>Resistors_SMD:R_1206</footprint>
      <libsource lib="device" part="R"/>
      <sheetpath names="/" tstamps="/"/>
      <tstamp>54ED0EDC</tstamp>
    </comp>
    <comp ref="R22">
      <value>470</value>
      <footprint>Resistors_SMD:R_1206</footprint>
      <libsource lib="device" part="R"/>
      <sheetpath names="/" tstamps="/"/>
      <tstamp>54ED0FD8</tstamp>
    </comp>
    <comp ref="AT-Mode1">
      <value>AT-Mode</value>
      <footprint>Pin_Headers:Pin_Header_Straight_1x02</footprint>
      <libsource lib="conn" part="CONN_01X02"/>
      <sheetpath names="/" tstamps="/"/>
      <tstamp>54ED141B</tstamp>
    </comp>
    <comp ref="X1">
      <value>Supply</value>
      <footprint>packages:con-pss254_reichelt-03W</footprint>
      <libsource lib="BamBam BoardController-cache" part="PSS254_3GEWINKELT"/>
      <sheetpath names="/" tstamps="/"/>
      <tstamp>54ED4556</tstamp>
    </comp>
    <comp ref="D4">
      <value>1N4001</value>
      <footprint>packages:SOD123F-REFLOW</footprint>
      <libsource lib="BamBam BoardController-cache" part="DIODE"/>
      <sheetpath names="/" tstamps="/"/>
      <tstamp>54ED5196</tstamp>
    </comp>
    <comp ref="GS1">
      <value>Mess</value>
      <footprint>Connect:GS2</footprint>
      <libsource lib="conn" part="GS2"/>
      <sheetpath names="/" tstamps="/"/>
      <tstamp>54ED9180</tstamp>
    </comp>
    <comp ref="R30">
      <value>180k</value>
      <footprint>Resistors_SMD:R_1206</footprint>
      <libsource lib="device" part="R"/>
      <sheetpath names="/" tstamps="/"/>
      <tstamp>54ED9D05</tstamp>
    </comp>
    <comp ref="R31">
      <value>180k</value>
      <footprint>Resistors_SMD:R_1206</footprint>
      <libsource lib="device" part="R"/>
      <sheetpath names="/" tstamps="/"/>
      <tstamp>54ED9DDA</tstamp>
    </comp>
    <comp ref="R32">
      <value>10k</value>
      <footprint>Resistors_SMD:R_1206</footprint>
      <libsource lib="device" part="R"/>
      <sheetpath names="/" tstamps="/"/>
      <tstamp>54ED9EAA</tstamp>
    </comp>
    <comp ref="C32">
      <value>4.7µF</value>
      <footprint>Capacitors_SMD:C_1206</footprint>
      <libsource lib="device" part="C"/>
      <sheetpath names="/" tstamps="/"/>
      <tstamp>54EDA53E</tstamp>
    </comp>
    <comp ref="C5">
      <value>10µF</value>
      <footprint>Capacitors_SMD:C_1206</footprint>
      <libsource lib="device" part="C"/>
      <sheetpath names="/" tstamps="/"/>
      <tstamp>54EE0D79</tstamp>
    </comp>
    <comp ref="C6">
      <value>22µF</value>
      <footprint>Capacitors_SMD:C_1206</footprint>
      <libsource lib="device" part="C"/>
      <sheetpath names="/" tstamps="/"/>
      <tstamp>54EE1243</tstamp>
    </comp>
    <comp ref="C1">
      <value>100nF</value>
      <footprint>Capacitors_SMD:C_1206</footprint>
      <libsource lib="device" part="C"/>
      <sheetpath names="/" tstamps="/"/>
      <tstamp>54EE17AA</tstamp>
    </comp>
    <comp ref="C2">
      <value>100nF</value>
      <footprint>Capacitors_SMD:C_1206</footprint>
      <libsource lib="device" part="C"/>
      <sheetpath names="/" tstamps="/"/>
      <tstamp>54EE19AB</tstamp>
    </comp>
    <comp ref="C3">
      <value>100nF</value>
      <footprint>Capacitors_SMD:C_1206</footprint>
      <libsource lib="device" part="C"/>
      <sheetpath names="/" tstamps="/"/>
      <tstamp>54EE19E5</tstamp>
    </comp>
    <comp ref="C4">
      <value>100nF</value>
      <footprint>Capacitors_SMD:C_1206</footprint>
      <libsource lib="device" part="C"/>
      <sheetpath names="/" tstamps="/"/>
      <tstamp>54EE1A24</tstamp>
    </comp>
    <comp ref="R24">
      <value>3.3K</value>
      <footprint>Resistors_SMD:R_1206</footprint>
      <libsource lib="device" part="R"/>
      <sheetpath names="/" tstamps="/"/>
      <tstamp>54F075EE</tstamp>
    </comp>
    <comp ref="C7">
      <value>4.7µF</value>
      <footprint>Capacitors_SMD:C_1206</footprint>
      <libsource lib="device" part="C"/>
      <sheetpath names="/" tstamps="/"/>
      <tstamp>54F07679</tstamp>
    </comp>
    <comp ref="Q1">
      <value>IRLR2905z</value>
      <footprint>SMD_Packages:DPAK-3_GDS</footprint>
      <libsource lib="BamBam BoardController-cache" part="MOSFET_N"/>
      <sheetpath names="/BamBam BoardController/" tstamps="/54E61B75/"/>
      <tstamp>54E61E96</tstamp>
    </comp>
    <comp ref="R1">
      <value>1k</value>
      <footprint>Resistors_SMD:R_1206</footprint>
      <libsource lib="device" part="R"/>
      <sheetpath names="/BamBam BoardController/" tstamps="/54E61B75/"/>
      <tstamp>54E61F33</tstamp>
    </comp>
    <comp ref="R2">
      <value>10k</value>
      <footprint>Resistors_SMD:R_1206</footprint>
      <libsource lib="device" part="R"/>
      <sheetpath names="/BamBam BoardController/" tstamps="/54E61B75/"/>
      <tstamp>54E63022</tstamp>
    </comp>
    <comp ref="Q2">
      <value>IRLR2905z</value>
      <footprint>SMD_Packages:DPAK-3_GDS</footprint>
      <libsource lib="BamBam BoardController-cache" part="MOSFET_N"/>
      <sheetpath names="/BamBam BoardController/" tstamps="/54E61B75/"/>
      <tstamp>54E63E2C</tstamp>
    </comp>
    <comp ref="R3">
      <value>1k</value>
      <footprint>Resistors_SMD:R_1206</footprint>
      <libsource lib="device" part="R"/>
      <sheetpath names="/BamBam BoardController/" tstamps="/54E61B75/"/>
      <tstamp>54E63E32</tstamp>
    </comp>
    <comp ref="R4">
      <value>10k</value>
      <footprint>Resistors_SMD:R_1206</footprint>
      <libsource lib="device" part="R"/>
      <sheetpath names="/BamBam BoardController/" tstamps="/54E61B75/"/>
      <tstamp>54E63E38</tstamp>
    </comp>
    <comp ref="Q3">
      <value>IRLR2905z</value>
      <footprint>SMD_Packages:DPAK-3_GDS</footprint>
      <libsource lib="BamBam BoardController-cache" part="MOSFET_N"/>
      <sheetpath names="/BamBam BoardController/" tstamps="/54E61B75/"/>
      <tstamp>54E642D5</tstamp>
    </comp>
    <comp ref="R5">
      <value>1k</value>
      <footprint>Resistors_SMD:R_1206</footprint>
      <libsource lib="device" part="R"/>
      <sheetpath names="/BamBam BoardController/" tstamps="/54E61B75/"/>
      <tstamp>54E642DB</tstamp>
    </comp>
    <comp ref="R6">
      <value>10k</value>
      <footprint>Resistors_SMD:R_1206</footprint>
      <libsource lib="device" part="R"/>
      <sheetpath names="/BamBam BoardController/" tstamps="/54E61B75/"/>
      <tstamp>54E642E1</tstamp>
    </comp>
    <comp ref="Q4">
      <value>IRLR2905z</value>
      <footprint>SMD_Packages:DPAK-3_GDS</footprint>
      <libsource lib="BamBam BoardController-cache" part="MOSFET_N"/>
      <sheetpath names="/BamBam BoardController/" tstamps="/54E61B75/"/>
      <tstamp>54E642FA</tstamp>
    </comp>
    <comp ref="R7">
      <value>1k</value>
      <footprint>Resistors_SMD:R_1206</footprint>
      <libsource lib="device" part="R"/>
      <sheetpath names="/BamBam BoardController/" tstamps="/54E61B75/"/>
      <tstamp>54E64300</tstamp>
    </comp>
    <comp ref="R8">
      <value>10k</value>
      <footprint>Resistors_SMD:R_1206</footprint>
      <libsource lib="device" part="R"/>
      <sheetpath names="/BamBam BoardController/" tstamps="/54E61B75/"/>
      <tstamp>54E64306</tstamp>
    </comp>
    <comp ref="Q5">
      <value>IRLR2905z</value>
      <footprint>SMD_Packages:DPAK-3_GDS</footprint>
      <libsource lib="BamBam BoardController-cache" part="MOSFET_N"/>
      <sheetpath names="/BamBam BoardController/" tstamps="/54E61B75/"/>
      <tstamp>54E643D6</tstamp>
    </comp>
    <comp ref="R9">
      <value>1k</value>
      <footprint>Resistors_SMD:R_1206</footprint>
      <libsource lib="device" part="R"/>
      <sheetpath names="/BamBam BoardController/" tstamps="/54E61B75/"/>
      <tstamp>54E643DC</tstamp>
    </comp>
    <comp ref="R10">
      <value>10k</value>
      <footprint>Resistors_SMD:R_1206</footprint>
      <libsource lib="device" part="R"/>
      <sheetpath names="/BamBam BoardController/" tstamps="/54E61B75/"/>
      <tstamp>54E643E2</tstamp>
    </comp>
    <comp ref="H1">
      <value>Mount_Hole</value>
      <footprint>packages:MountingHole_3mm_new</footprint>
      <libsource lib="BamBam BoardController-cache" part="Mount_Hole"/>
      <sheetpath names="/BamBam BoardController/" tstamps="/54E61B75/"/>
      <tstamp>54E6DCFB</tstamp>
    </comp>
    <comp ref="H2">
      <value>Mount_Hole</value>
      <footprint>packages:MountingHole_3mm_new</footprint>
      <libsource lib="BamBam BoardController-cache" part="Mount_Hole"/>
      <sheetpath names="/BamBam BoardController/" tstamps="/54E61B75/"/>
      <tstamp>54E6DE89</tstamp>
    </comp>
    <comp ref="H3">
      <value>Mount_Hole</value>
      <footprint>packages:MountingHole_3mm_new</footprint>
      <libsource lib="BamBam BoardController-cache" part="Mount_Hole"/>
      <sheetpath names="/BamBam BoardController/" tstamps="/54E61B75/"/>
      <tstamp>54E6DEB4</tstamp>
    </comp>
    <comp ref="H4">
      <value>Mount_Hole</value>
      <footprint>packages:MountingHole_3mm_new</footprint>
      <libsource lib="BamBam BoardController-cache" part="Mount_Hole"/>
      <sheetpath names="/BamBam BoardController/" tstamps="/54E61B75/"/>
      <tstamp>54E6DEDE</tstamp>
    </comp>
    <comp ref="H5">
      <value>Mount_Hole</value>
      <footprint>packages:MountingHole_3mm_new</footprint>
      <libsource lib="BamBam BoardController-cache" part="Mount_Hole"/>
      <sheetpath names="/BamBam BoardController/" tstamps="/54E61B75/"/>
      <tstamp>54E6DF0B</tstamp>
    </comp>
    <comp ref="IC1">
      <value>CNY74-2</value>
      <footprint>Sockets_DIP:DIP-8__300</footprint>
      <libsource lib="BamBam BoardController-cache" part="CNY74-2"/>
      <sheetpath names="/BamBam BoardController/" tstamps="/54E61B75/"/>
      <tstamp>54E73353</tstamp>
    </comp>
    <comp ref="R13">
      <value>6.8k</value>
      <footprint>Resistors_SMD:R_1206</footprint>
      <libsource lib="device" part="R"/>
      <sheetpath names="/BamBam BoardController/" tstamps="/54E61B75/"/>
      <tstamp>54E73F06</tstamp>
    </comp>
    <comp ref="R11">
      <value>220</value>
      <footprint>Resistors_SMD:R_1206</footprint>
      <libsource lib="device" part="R"/>
      <sheetpath names="/BamBam BoardController/" tstamps="/54E61B75/"/>
      <tstamp>54E73F7F</tstamp>
    </comp>
    <comp ref="D3">
      <value>15V</value>
      <footprint>Discret:DO-35</footprint>
      <libsource lib="device" part="ZENER"/>
      <sheetpath names="/BamBam BoardController/" tstamps="/54E61B75/"/>
      <tstamp>54E73FE1</tstamp>
    </comp>
    <comp ref="R12">
      <value>3.3k</value>
      <footprint>Resistors_SMD:R_1206</footprint>
      <libsource lib="device" part="R"/>
      <sheetpath names="/BamBam BoardController/" tstamps="/54E61B75/"/>
      <tstamp>54E742F9</tstamp>
    </comp>
    <comp ref="R14">
      <value>220</value>
      <footprint>Resistors_SMD:R_1206</footprint>
      <libsource lib="device" part="R"/>
      <sheetpath names="/BamBam BoardController/" tstamps="/54E61B75/"/>
      <tstamp>54E75705</tstamp>
    </comp>
    <comp ref="R15">
      <value>1k</value>
      <footprint>Resistors_SMD:R_1206</footprint>
      <libsource lib="device" part="R"/>
      <sheetpath names="/BamBam BoardController/" tstamps="/54E61B75/"/>
      <tstamp>54E75C25</tstamp>
    </comp>
    <comp ref="GS2">
      <value>GS2</value>
      <footprint>Connect:GS2</footprint>
      <libsource lib="conn" part="GS2"/>
      <sheetpath names="/BamBam BoardController/" tstamps="/54E61B75/"/>
      <tstamp>54E76030</tstamp>
    </comp>
    <comp ref="GS3">
      <value>GS2</value>
      <footprint>Connect:GS2</footprint>
      <libsource lib="conn" part="GS2"/>
      <sheetpath names="/BamBam BoardController/" tstamps="/54E61B75/"/>
      <tstamp>54E760A0</tstamp>
    </comp>
    <comp ref="X3">
      <value>AntiSpark</value>
      <footprint>packages:con-pss254_reichelt-02W</footprint>
      <libsource lib="BamBam BoardController-cache" part="PSS254_2GEWINKELT"/>
      <sheetpath names="/BamBam BoardController/" tstamps="/54E61B75/"/>
      <tstamp>54E8B1A6</tstamp>
    </comp>
    <comp ref="X2">
      <value>BLH</value>
      <footprint>packages:con-pss254_reichelt-03W</footprint>
      <libsource lib="BamBam BoardController-cache" part="PSS254_3GEWINKELT"/>
      <sheetpath names="/BamBam BoardController/" tstamps="/54E61B75/"/>
      <tstamp>54E8B22C</tstamp>
    </comp>
    <comp ref="IC2">
      <value>CNY74-2</value>
      <footprint>Sockets_DIP:DIP-8__300</footprint>
      <libsource lib="BamBam BoardController-cache" part="CNY74-2"/>
      <sheetpath names="/BamBam BoardController/" tstamps="/54E61B75/"/>
      <tstamp>54E8D69E</tstamp>
    </comp>
    <comp ref="JP2">
      <value>Motor</value>
      <footprint>packages:connector-JP3Q</footprint>
      <libsource lib="BamBam BoardController-cache" part="JP3QE"/>
      <sheetpath names="/BamBam BoardController/" tstamps="/54E61B75/"/>
      <tstamp>54E8DA8E</tstamp>
    </comp>
    <comp ref="R17">
      <value>1k</value>
      <footprint>Resistors_SMD:R_1206</footprint>
      <libsource lib="device" part="R"/>
      <sheetpath names="/BamBam BoardController/" tstamps="/54E61B75/"/>
      <tstamp>54E8DEBA</tstamp>
    </comp>
    <comp ref="R19">
      <value>1k</value>
      <footprint>Resistors_SMD:R_1206</footprint>
      <libsource lib="device" part="R"/>
      <sheetpath names="/BamBam BoardController/" tstamps="/54E61B75/"/>
      <tstamp>54E8DF7A</tstamp>
    </comp>
    <comp ref="P1">
      <value>Bremse</value>
      <footprint>Pin_Headers:Pin_Header_Angled_1x03</footprint>
      <libsource lib="conn" part="CONN_01X03"/>
      <sheetpath names="/BamBam BoardController/" tstamps="/54E61B75/"/>
      <tstamp>54E9989A</tstamp>
    </comp>
    <comp ref="R16">
      <value>220</value>
      <footprint>Resistors_SMD:R_1206</footprint>
      <libsource lib="device" part="R"/>
      <sheetpath names="/BamBam BoardController/" tstamps="/54E61B75/"/>
      <tstamp>54EB4D07</tstamp>
    </comp>
    <comp ref="R18">
      <value>220</value>
      <footprint>Resistors_SMD:R_1206</footprint>
      <libsource lib="device" part="R"/>
      <sheetpath names="/BamBam BoardController/" tstamps="/54E61B75/"/>
      <tstamp>54EB4D9D</tstamp>
    </comp>
    <comp ref="JP1">
      <value>MotorOpt</value>
      <footprint>packages:connector-JP3Q</footprint>
      <libsource lib="BamBam BoardController-cache" part="JP3QE"/>
      <sheetpath names="/BamBam BoardController/" tstamps="/54E61B75/"/>
      <tstamp>54EB9B12</tstamp>
    </comp>
    <comp ref="D1">
      <value>MBR 0540</value>
      <footprint>packages:SOD-123</footprint>
      <libsource lib="BamBam BoardController-cache" part="DIODE"/>
      <sheetpath names="/BamBam BoardController/" tstamps="/54E61B75/"/>
      <tstamp>54EBAE91</tstamp>
    </comp>
    <comp ref="D2">
      <value>MBR 0540</value>
      <footprint>packages:SOD-123</footprint>
      <libsource lib="BamBam BoardController-cache" part="DIODE"/>
      <sheetpath names="/BamBam BoardController/" tstamps="/54E61B75/"/>
      <tstamp>54EBBB00</tstamp>
    </comp>
    <comp ref="X4">
      <value>BLR</value>
      <footprint>packages:con-pss254_reichelt-02W</footprint>
      <libsource lib="BamBam BoardController-cache" part="PSS254_2GEWINKELT"/>
      <sheetpath names="/BamBam BoardController/" tstamps="/54E61B75/"/>
      <tstamp>54EC76C3</tstamp>
    </comp>
  </components>
  <libparts>
    <libpart lib="device" part="C">
      <description>Unpolarized capacitor</description>
      <footprints>
        <fp>C?</fp>
        <fp>C_????_*</fp>
        <fp>C_????</fp>
        <fp>SMD*_c</fp>
        <fp>Capacitor*</fp>
      </footprints>
      <fields>
        <field name="Reference">C</field>
        <field name="Value">C</field>
      </fields>
      <pins>
        <pin num="1" name="~" type="passive"/>
        <pin num="2" name="~" type="passive"/>
      </pins>
    </libpart>
    <libpart lib="device" part="LED">
      <footprints>
        <fp>LED-3MM</fp>
        <fp>LED-5MM</fp>
        <fp>LED-10MM</fp>
        <fp>LED-0603</fp>
        <fp>LED-0805</fp>
        <fp>LED-1206</fp>
        <fp>LEDV</fp>
      </footprints>
      <fields>
        <field name="Reference">D</field>
        <field name="Value">LED</field>
      </fields>
      <pins>
        <pin num="1" name="A" type="passive"/>
        <pin num="2" name="K" type="passive"/>
      </pins>
    </libpart>
    <libpart lib="device" part="R">
      <description>Resistor</description>
      <footprints>
        <fp>R_*</fp>
        <fp>Resistor_*</fp>
      </footprints>
      <fields>
        <field name="Reference">R</field>
        <field name="Value">R</field>
      </fields>
      <pins>
        <pin num="1" name="~" type="passive"/>
        <pin num="2" name="~" type="passive"/>
      </pins>
    </libpart>
    <libpart lib="device" part="ZENER">
      <description>Diode zener</description>
      <footprints>
        <fp>D?</fp>
        <fp>SO*</fp>
        <fp>SM*</fp>
      </footprints>
      <fields>
        <field name="Reference">D</field>
        <field name="Value">ZENER</field>
      </fields>
      <pins>
        <pin num="1" name="A" type="passive"/>
        <pin num="2" name="K" type="passive"/>
      </pins>
    </libpart>
    <libpart lib="conn" part="CONN_01X02">
      <footprints>
        <fp>Pin_Header_Straight_1X02</fp>
        <fp>Pin_Header_Angled_1X02</fp>
        <fp>Socket_Strip_Straight_1X02</fp>
        <fp>Socket_Strip_Angled_1X02</fp>
      </footprints>
      <fields>
        <field name="Reference">P</field>
        <field name="Value">CONN_01X02</field>
      </fields>
      <pins>
        <pin num="1" name="P1" type="passive"/>
        <pin num="2" name="P2" type="passive"/>
      </pins>
    </libpart>
    <libpart lib="conn" part="CONN_01X03">
      <footprints>
        <fp>Pin_Header_Straight_1X03</fp>
        <fp>Pin_Header_Angled_1X03</fp>
        <fp>Socket_Strip_Straight_1X03</fp>
        <fp>Socket_Strip_Angled_1X03</fp>
      </footprints>
      <fields>
        <field name="Reference">P</field>
        <field name="Value">CONN_01X03</field>
      </fields>
      <pins>
        <pin num="1" name="P1" type="passive"/>
        <pin num="2" name="P2" type="passive"/>
        <pin num="3" name="P3" type="passive"/>
      </pins>
    </libpart>
    <libpart lib="conn" part="CONN_01X04">
      <footprints>
        <fp>Pin_Header_Straight_1X04</fp>
        <fp>Pin_Header_Angled_1X04</fp>
        <fp>Socket_Strip_Straight_1X04</fp>
        <fp>Socket_Strip_Angled_1X04</fp>
      </footprints>
      <fields>
        <field name="Reference">P</field>
        <field name="Value">CONN_01X04</field>
      </fields>
      <pins>
        <pin num="1" name="P1" type="passive"/>
        <pin num="2" name="P2" type="passive"/>
        <pin num="3" name="P3" type="passive"/>
        <pin num="4" name="P4" type="passive"/>
      </pins>
    </libpart>
    <libpart lib="conn" part="GS2">
      <fields>
        <field name="Reference">GS</field>
        <field name="Value">GS2</field>
        <field name="Footprint">GS2</field>
      </fields>
      <pins>
        <pin num="1" name="G1" type="passive"/>
        <pin num="2" name="G2" type="passive"/>
      </pins>
    </libpart>
    <libpart lib="conn" part="CONN_02X04">
      <footprints>
        <fp>Pin_Header_Straight_2X04</fp>
        <fp>Pin_Header_Angled_2X04</fp>
        <fp>Socket_Strip_Straight_2X04</fp>
        <fp>Socket_Strip_Angled_2X04</fp>
      </footprints>
      <fields>
        <field name="Reference">P</field>
        <field name="Value">CONN_02X04</field>
      </fields>
      <pins>
        <pin num="1" name="P1" type="passive"/>
        <pin num="2" name="P2" type="passive"/>
        <pin num="3" name="P3" type="passive"/>
        <pin num="4" name="P4" type="passive"/>
        <pin num="5" name="P5" type="passive"/>
        <pin num="6" name="P6" type="passive"/>
        <pin num="7" name="P7" type="passive"/>
        <pin num="8" name="P8" type="passive"/>
      </pins>
    </libpart>
    <libpart lib="conn" part="CONN_02X02">
      <footprints>
        <fp>Pin_Header_Straight_2X02</fp>
        <fp>Pin_Header_Angled_2X02</fp>
        <fp>Socket_Strip_Straight_2X02</fp>
        <fp>Socket_Strip_Angled_2X02</fp>
      </footprints>
      <fields>
        <field name="Reference">P</field>
        <field name="Value">CONN_02X02</field>
      </fields>
      <pins>
        <pin num="1" name="P1" type="passive"/>
        <pin num="2" name="P2" type="passive"/>
        <pin num="3" name="P3" type="passive"/>
        <pin num="4" name="P4" type="passive"/>
      </pins>
    </libpart>
    <libpart lib="BamBam BoardController-cache" part="CNY74-2">
      <fields>
        <field name="Reference">IC</field>
        <field name="Value">CNY74-2</field>
        <field name="Footprint">DIP8</field>
      </fields>
      <pins>
        <pin num="1" name="~" type="passive"/>
        <pin num="2" name="~" type="passive"/>
        <pin num="3" name="~" type="passive"/>
        <pin num="4" name="~" type="passive"/>
        <pin num="5" name="~" type="passive"/>
        <pin num="6" name="~" type="passive"/>
        <pin num="7" name="~" type="passive"/>
        <pin num="8" name="~" type="passive"/>
      </pins>
    </libpart>
    <libpart lib="BamBam BoardController-cache" part="Mount_Hole">
      <fields>
        <field name="Reference">H</field>
        <field name="Value">Mount_Hole</field>
      </fields>
    </libpart>
    <libpart lib="BamBam BoardController-cache" part="PSS254_3GEWINKELT">
      <fields>
        <field name="Reference">??</field>
        <field name="Value">PSS254_3GEWINKELT</field>
      </fields>
      <pins>
        <pin num="P$1" name="1" type="passive"/>
        <pin num="P$2" name="2" type="passive"/>
        <pin num="P$3" name="3" type="passive"/>
      </pins>
    </libpart>
    <libpart lib="BamBam BoardController-cache" part="HC_05">
      <footprints>
        <fp>ITEAD_HC-05</fp>
      </footprints>
      <fields>
        <field name="Reference">U</field>
        <field name="Value">HC_05</field>
      </fields>
      <pins>
        <pin num="1" name="TX" type="output"/>
        <pin num="2" name="RX" type="input"/>
        <pin num="3" name="CTS" type="BiDi"/>
        <pin num="4" name="RTS" type="BiDi"/>
        <pin num="5" name="PCM_CLK" type="BiDi"/>
        <pin num="6" name="PCM_OUT" type="BiDi"/>
        <pin num="7" name="PCM_IN" type="BiDi"/>
        <pin num="8" name="PCN_SYNC" type="BiDi"/>
        <pin num="9" name="AIO0" type="BiDi"/>
        <pin num="10" name="AIO1" type="BiDi"/>
        <pin num="11" name="RST" type="BiDi"/>
        <pin num="12" name="3V3" type="power_in"/>
        <pin num="13" name="GND" type="power_in"/>
        <pin num="14" name="NC" type="BiDi"/>
        <pin num="15" name="VBUSD-" type="BiDi"/>
        <pin num="16" name="CSB" type="BiDi"/>
        <pin num="17" name="MOSI" type="BiDi"/>
        <pin num="18" name="MISO" type="BiDi"/>
        <pin num="19" name="CLK" type="BiDi"/>
        <pin num="20" name="VBUSD+" type="BiDi"/>
        <pin num="21" name="GND1" type="power_in"/>
        <pin num="22" name="GND2" type="power_in"/>
        <pin num="23" name="PIO0" type="BiDi"/>
        <pin num="24" name="PIO1" type="BiDi"/>
        <pin num="25" name="PIO2" type="BiDi"/>
        <pin num="26" name="PIO3" type="BiDi"/>
        <pin num="27" name="PIO4" type="BiDi"/>
        <pin num="28" name="PIO5" type="BiDi"/>
        <pin num="29" name="PIO6" type="BiDi"/>
        <pin num="30" name="PIO7" type="BiDi"/>
        <pin num="31" name="PIO8" type="BiDi"/>
        <pin num="32" name="PIO9" type="BiDi"/>
        <pin num="33" name="PIO10" type="BiDi"/>
        <pin num="34" name="PIO11" type="BiDi"/>
      </pins>
    </libpart>
    <libpart lib="BamBam BoardController-cache" part="MOS_N">
      <aliases>
        <alias>MOSFET_N</alias>
      </aliases>
      <fields>
        <field name="Reference">Q</field>
        <field name="Value">MOS_N</field>
      </fields>
      <pins>
        <pin num="D" name="D" type="passive"/>
        <pin num="G" name="G" type="input"/>
        <pin num="S" name="S" type="passive"/>
      </pins>
    </libpart>
    <libpart lib="BamBam BoardController-cache" part="DIODE">
      <footprints>
        <fp>D?</fp>
        <fp>S*</fp>
      </footprints>
      <fields>
        <field name="Reference">D</field>
        <field name="Value">DIODE</field>
      </fields>
      <pins>
        <pin num="1" name="A" type="passive"/>
        <pin num="2" name="K" type="passive"/>
      </pins>
    </libpart>
    <libpart lib="BamBam BoardController-cache" part="JP3QE">
      <fields>
        <field name="Reference">JP</field>
        <field name="Value">JP3QE</field>
        <field name="Footprint">connector-JP3Q</field>
      </fields>
      <pins>
        <pin num="1A" name="1" type="passive"/>
        <pin num="1B" name="1" type="passive"/>
        <pin num="2A" name="2" type="passive"/>
        <pin num="2B" name="2" type="passive"/>
        <pin num="3A" name="3" type="passive"/>
        <pin num="3B" name="3" type="passive"/>
      </pins>
    </libpart>
    <libpart lib="BamBam BoardController-cache" part="LC78_">
      <fields>
        <field name="Reference">U</field>
        <field name="Value">LC78_</field>
      </fields>
      <pins>
        <pin num="1" name="VI" type="input"/>
        <pin num="2" name="GND" type="input"/>
        <pin num="3" name="VO" type="power_out"/>
      </pins>
    </libpart>
    <libpart lib="BamBam BoardController-cache" part="TEENSY_3.1+4">
      <fields>
        <field name="Reference">??</field>
        <field name="Value">TEENSY_3.1+4</field>
      </fields>
      <pins>
        <pin num="0" name="0/RX1/T" type="BiDi"/>
        <pin num="1" name="1/TX1/T" type="BiDi"/>
        <pin num="2" name="2" type="BiDi"/>
        <pin num="3" name="3/CAN-TX/PWM" type="BiDi"/>
        <pin num="4" name="4/CAN-RX-PWM" type="BiDi"/>
        <pin num="5" name="5/PWM" type="BiDi"/>
        <pin num="6" name="6/PWM" type="BiDi"/>
        <pin num="7" name="7/RX3" type="BiDi"/>
        <pin num="8" name="8/TX3" type="BiDi"/>
        <pin num="9" name="9/RX2/PWM" type="BiDi"/>
        <pin num="10" name="10/TX2/PWM" type="BiDi"/>
        <pin num="11" name="11/MOSI" type="BiDi"/>
        <pin num="12" name="12/MISO" type="BiDi"/>
        <pin num="13" name="13/SCK/LED" type="BiDi"/>
        <pin num="14/A" name="14/A0" type="BiDi"/>
        <pin num="15/A" name="15/A1/T" type="BiDi"/>
        <pin num="16/A" name="16/A2/T" type="BiDi"/>
        <pin num="17/A" name="17/A3/T" type="BiDi"/>
        <pin num="18/A" name="18/A4/T/SDA0" type="BiDi"/>
        <pin num="19/A" name="19/A5/T/SCL0" type="BiDi"/>
        <pin num="20/A" name="20/A6/PWM" type="BiDi"/>
        <pin num="21/A" name="21/A7/PWM" type="BiDi"/>
        <pin num="22/A" name="22/A8/T/PWM" type="BiDi"/>
        <pin num="23/A" name="23/A9/T/PWM" type="BiDi"/>
        <pin num="3.3V" name="3.3V" type="power_in"/>
        <pin num="A10" name="A10" type="BiDi"/>
        <pin num="A11" name="A11" type="BiDi"/>
        <pin num="A14" name="A14/DAC" type="BiDi"/>
        <pin num="AGND" name="AGND" type="power_in"/>
        <pin num="AREF" name="AREF" type="power_in"/>
        <pin num="GND" name="GND" type="power_in"/>
        <pin num="GND1" name="GND" type="power_in"/>
        <pin num="PGM" name="PGM" type="BiDi"/>
        <pin num="VBAT" name="VBAT" type="power_in"/>
        <pin num="VIN" name="VIN" type="power_in"/>
        <pin num="VUSB" name="VUSB" type="power_in"/>
      </pins>
    </libpart>
    <libpart lib="BamBam BoardController-cache" part="PSS254_2GEWINKELT">
      <fields>
        <field name="Reference">??</field>
        <field name="Value">PSS254_2GEWINKELT</field>
      </fields>
      <pins>
        <pin num="P$1" name="1" type="passive"/>
        <pin num="P$2" name="2" type="passive"/>
      </pins>
    </libpart>
  </libparts>
  <libraries>
    <library logical="device">
      <uri>D:\KiCad\share\kicad\library\device.lib</uri>
    </library>
    <library logical="conn">
      <uri>D:\KiCad\share\kicad\library\conn.lib</uri>
    </library>
    <library logical="BamBam BoardController-cache">
      <uri>C:\Users\Laptop-02\Documents\KiCad\BamBam BoardController\BamBam BoardController-cache.lib</uri>
    </library>
  </libraries>
  <nets>
    <net code="1" name="Net-(R20-Pad2)">
      <node ref="R20" pin="2"/>
      <node ref="rot1" pin="1"/>
    </net>
    <net code="2" name="Net-(R22-Pad1)">
      <node ref="U2" pin="31"/>
      <node ref="R22" pin="1"/>
    </net>
    <net code="3" name="Net-(R21-Pad1)">
      <node ref="R21" pin="1"/>
      <node ref="U2" pin="32"/>
    </net>
    <net code="4" name="Net-(R22-Pad2)">
      <node ref="gelb1" pin="1"/>
      <node ref="R22" pin="2"/>
    </net>
    <net code="5" name="GND">
      <node ref="Ser2" pin="3"/>
      <node ref="IC1" pin="3"/>
      <node ref="IC2" pin="1"/>
      <node ref="U1" pin="GND"/>
      <node ref="U1" pin="GND1"/>
      <node ref="U5" pin="2"/>
      <node ref="JP1" pin="3B"/>
      <node ref="JP1" pin="3A"/>
      <node ref="C1" pin="2"/>
      <node ref="C2" pin="2"/>
      <node ref="C6" pin="2"/>
      <node ref="R32" pin="2"/>
      <node ref="U2" pin="22"/>
      <node ref="Extension1" pin="2"/>
      <node ref="U2" pin="21"/>
      <node ref="U2" pin="13"/>
      <node ref="C32" pin="2"/>
      <node ref="C5" pin="2"/>
      <node ref="R8" pin="2"/>
      <node ref="Q5" pin="S"/>
      <node ref="D3" pin="1"/>
      <node ref="Q4" pin="S"/>
      <node ref="R13" pin="2"/>
      <node ref="R10" pin="2"/>
      <node ref="Q3" pin="S"/>
      <node ref="IC2" pin="3"/>
      <node ref="R6" pin="2"/>
      <node ref="IC1" pin="1"/>
      <node ref="Q2" pin="S"/>
      <node ref="R4" pin="2"/>
      <node ref="R2" pin="2"/>
      <node ref="Q1" pin="S"/>
      <node ref="Ser3" pin="4"/>
      <node ref="Nunchuk1" pin="4"/>
      <node ref="C4" pin="2"/>
      <node ref="C3" pin="2"/>
      <node ref="Temp1" pin="3"/>
      <node ref="Strom1" pin="3"/>
      <node ref="rot1" pin="2"/>
      <node ref="C7" pin="2"/>
      <node ref="grün1" pin="2"/>
      <node ref="X1" pin="P$3"/>
      <node ref="gelb1" pin="2"/>
    </net>
    <net code="6" name="Net-(R21-Pad2)">
      <node ref="grün1" pin="1"/>
      <node ref="R21" pin="2"/>
    </net>
    <net code="7" name="/Pairing">
      <node ref="R20" pin="1"/>
      <node ref="U1" pin="2"/>
    </net>
    <net code="8" name="+3V3">
      <node ref="C3" pin="1"/>
      <node ref="Temp1" pin="2"/>
      <node ref="Extension1" pin="1"/>
      <node ref="D1" pin="1"/>
      <node ref="U1" pin="3.3V"/>
      <node ref="U5" pin="3"/>
      <node ref="Strom1" pin="2"/>
      <node ref="C1" pin="1"/>
      <node ref="R23" pin="1"/>
      <node ref="Ser3" pin="3"/>
      <node ref="C4" pin="1"/>
      <node ref="AT-Mode1" pin="1"/>
      <node ref="C2" pin="1"/>
      <node ref="C6" pin="1"/>
      <node ref="D2" pin="1"/>
      <node ref="U2" pin="12"/>
      <node ref="Nunchuk1" pin="3"/>
    </net>
    <net code="9" name="Net-(AT-Mode1-Pad2)">
      <node ref="AT-Mode1" pin="2"/>
      <node ref="U2" pin="34"/>
    </net>
    <net code="10" name="/Tx3">
      <node ref="Ser3" pin="2"/>
      <node ref="U1" pin="8"/>
    </net>
    <net code="11" name="/SDA">
      <node ref="U1" pin="18/A"/>
      <node ref="Nunchuk1" pin="2"/>
    </net>
    <net code="12" name="/SCL">
      <node ref="U1" pin="19/A"/>
      <node ref="Nunchuk1" pin="1"/>
    </net>
    <net code="13" name="/Rx2">
      <node ref="Ser2" pin="2"/>
      <node ref="U1" pin="9"/>
    </net>
    <net code="14" name="/Tx2">
      <node ref="Ser2" pin="1"/>
      <node ref="U1" pin="10"/>
    </net>
    <net code="15" name="/Temp">
      <node ref="Temp1" pin="1"/>
      <node ref="R23" pin="2"/>
      <node ref="U1" pin="13"/>
    </net>
    <net code="16" name="Net-(R24-Pad1)">
      <node ref="R24" pin="1"/>
      <node ref="Strom1" pin="1"/>
    </net>
    <net code="18" name="/UBattD">
      <node ref="D4" pin="2"/>
      <node ref="C5" pin="1"/>
      <node ref="U5" pin="1"/>
    </net>
    <net code="19" name="/Rx3">
      <node ref="Ser3" pin="1"/>
      <node ref="U1" pin="7"/>
    </net>
    <net code="20" name="/IMess">
      <node ref="C7" pin="1"/>
      <node ref="U1" pin="16/A"/>
      <node ref="R24" pin="2"/>
    </net>
    <net code="21" name="UBatt">
      <node ref="R12" pin="1"/>
      <node ref="GS1" pin="1"/>
      <node ref="X1" pin="P$1"/>
      <node ref="D4" pin="1"/>
    </net>
    <net code="22" name="Net-(GS1-Pad2)">
      <node ref="GS1" pin="2"/>
      <node ref="X1" pin="P$2"/>
      <node ref="R31" pin="1"/>
      <node ref="R30" pin="1"/>
    </net>
    <net code="23" name="/UbMess">
      <node ref="U1" pin="14/A"/>
      <node ref="R30" pin="2"/>
      <node ref="C32" pin="1"/>
      <node ref="R32" pin="1"/>
      <node ref="R31" pin="2"/>
    </net>
    <net code="24" name="Net-(U2-Pad25)">
      <node ref="U2" pin="25"/>
    </net>
    <net code="26" name="/Rx_1">
      <node ref="U1" pin="1"/>
      <node ref="U2" pin="2"/>
    </net>
    <net code="27" name="Net-(U2-Pad29)">
      <node ref="U2" pin="29"/>
    </net>
    <net code="28" name="Net-(U2-Pad19)">
      <node ref="U2" pin="19"/>
    </net>
    <net code="29" name="Net-(U2-Pad28)">
      <node ref="U2" pin="28"/>
    </net>
    <net code="30" name="Net-(U2-Pad18)">
      <node ref="U2" pin="18"/>
    </net>
    <net code="31" name="Net-(U2-Pad27)">
      <node ref="U2" pin="27"/>
    </net>
    <net code="32" name="Net-(U2-Pad17)">
      <node ref="U2" pin="17"/>
    </net>
    <net code="33" name="Net-(U2-Pad26)">
      <node ref="U2" pin="26"/>
    </net>
    <net code="34" name="Net-(U2-Pad16)">
      <node ref="U2" pin="16"/>
    </net>
    <net code="35" name="Net-(U2-Pad15)">
      <node ref="U2" pin="15"/>
    </net>
    <net code="36" name="Net-(U2-Pad24)">
      <node ref="U2" pin="24"/>
    </net>
    <net code="37" name="Net-(U2-Pad14)">
      <node ref="U2" pin="14"/>
    </net>
    <net code="38" name="Net-(U2-Pad33)">
      <node ref="U2" pin="33"/>
    </net>
    <net code="39" name="Net-(U2-Pad23)">
      <node ref="U2" pin="23"/>
    </net>
    <net code="40" name="Net-(U2-Pad11)">
      <node ref="U2" pin="11"/>
    </net>
    <net code="41" name="Net-(U1-PadVIN)">
      <node ref="U1" pin="VIN"/>
    </net>
    <net code="42" name="Net-(U1-PadPGM)">
      <node ref="U1" pin="PGM"/>
    </net>
    <net code="43" name="/Tx_1">
      <node ref="U2" pin="1"/>
      <node ref="U1" pin="0"/>
    </net>
    <net code="44" name="Net-(U2-Pad30)">
      <node ref="U2" pin="30"/>
    </net>
    <net code="45" name="Net-(U2-Pad20)">
      <node ref="U2" pin="20"/>
    </net>
    <net code="46" name="Net-(U2-Pad10)">
      <node ref="U2" pin="10"/>
    </net>
    <net code="47" name="Net-(U2-Pad9)">
      <node ref="U2" pin="9"/>
    </net>
    <net code="48" name="Net-(U2-Pad8)">
      <node ref="U2" pin="8"/>
    </net>
    <net code="49" name="Net-(U2-Pad7)">
      <node ref="U2" pin="7"/>
    </net>
    <net code="50" name="Net-(U2-Pad6)">
      <node ref="U2" pin="6"/>
    </net>
    <net code="51" name="Net-(U2-Pad5)">
      <node ref="U2" pin="5"/>
    </net>
    <net code="52" name="Net-(U2-Pad4)">
      <node ref="U2" pin="4"/>
    </net>
    <net code="53" name="Net-(U2-Pad3)">
      <node ref="U2" pin="3"/>
    </net>
    <net code="54" name="Net-(U1-PadVBAT)">
      <node ref="U1" pin="VBAT"/>
    </net>
    <net code="55" name="Net-(U1-PadAREF)">
      <node ref="U1" pin="AREF"/>
    </net>
    <net code="56" name="Net-(U1-PadAGND)">
      <node ref="U1" pin="AGND"/>
    </net>
    <net code="57" name="Net-(U1-PadVUSB)">
      <node ref="U1" pin="VUSB"/>
    </net>
    <net code="58" name="/A14">
      <node ref="U1" pin="A14"/>
      <node ref="Extension1" pin="3"/>
    </net>
    <net code="59" name="/A10">
      <node ref="U1" pin="A10"/>
      <node ref="Extension1" pin="5"/>
    </net>
    <net code="60" name="/A11">
      <node ref="U1" pin="A11"/>
      <node ref="Extension1" pin="4"/>
    </net>
    <net code="61" name="/A1">
      <node ref="U1" pin="15/A"/>
      <node ref="Extension1" pin="8"/>
    </net>
    <net code="62" name="/A3">
      <node ref="Extension1" pin="6"/>
      <node ref="U1" pin="17/A"/>
    </net>
    <net code="63" name="/A7">
      <node ref="Extension1" pin="7"/>
      <node ref="U1" pin="21/A"/>
    </net>
    <net code="64" name="Motorst_B">
      <node ref="JP1" pin="1B"/>
      <node ref="R18" pin="2"/>
      <node ref="U1" pin="22/A"/>
    </net>
    <net code="65" name="Brems_Servo">
      <node ref="U1" pin="20/A"/>
      <node ref="R14" pin="2"/>
    </net>
    <net code="66" name="PWM_Power">
      <node ref="R11" pin="2"/>
      <node ref="U1" pin="12"/>
    </net>
    <net code="67" name="Licht">
      <node ref="U1" pin="11"/>
      <node ref="R3" pin="2"/>
    </net>
    <net code="68" name="Bremse">
      <node ref="U1" pin="6"/>
      <node ref="R5" pin="2"/>
    </net>
    <net code="69" name="Blinker_R">
      <node ref="U1" pin="5"/>
      <node ref="R9" pin="2"/>
    </net>
    <net code="70" name="Blinker_L">
      <node ref="R7" pin="2"/>
      <node ref="U1" pin="4"/>
    </net>
    <net code="71" name="Hupe">
      <node ref="R1" pin="2"/>
      <node ref="U1" pin="3"/>
    </net>
    <net code="72" name="Motorst_A">
      <node ref="JP1" pin="1A"/>
      <node ref="R16" pin="2"/>
      <node ref="U1" pin="23/A"/>
    </net>
    <net code="73" name="Net-(IC1-Pad8)">
      <node ref="X3" pin="P$2"/>
      <node ref="R12" pin="2"/>
      <node ref="IC1" pin="8"/>
    </net>
    <net code="74" name="Net-(IC1-Pad2)">
      <node ref="IC1" pin="2"/>
      <node ref="R11" pin="1"/>
    </net>
    <net code="75" name="Net-(D3-Pad2)">
      <node ref="X3" pin="P$1"/>
      <node ref="D3" pin="2"/>
      <node ref="R13" pin="1"/>
      <node ref="IC1" pin="7"/>
    </net>
    <net code="76" name="Net-(Q5-PadG)">
      <node ref="Q5" pin="G"/>
      <node ref="R10" pin="1"/>
      <node ref="R9" pin="1"/>
    </net>
    <net code="77" name="Net-(GS3-Pad1)">
      <node ref="R15" pin="2"/>
      <node ref="P1" pin="3"/>
      <node ref="GS3" pin="1"/>
    </net>
    <net code="78" name="Net-(IC1-Pad5)">
      <node ref="P1" pin="1"/>
      <node ref="IC1" pin="5"/>
      <node ref="R15" pin="1"/>
    </net>
    <net code="79" name="Net-(IC1-Pad4)">
      <node ref="IC1" pin="4"/>
      <node ref="R14" pin="1"/>
    </net>
    <net code="80" name="/BamBam BoardController/Blinker_L_Out">
      <node ref="Q4" pin="D"/>
      <node ref="X4" pin="P$1"/>
    </net>
    <net code="81" name="/BamBam BoardController/GND_BEC_A">
      <node ref="R17" pin="2"/>
      <node ref="GS3" pin="2"/>
      <node ref="JP2" pin="3A"/>
    </net>
    <net code="82" name="/BamBam BoardController/BEC_A-5V">
      <node ref="GS2" pin="2"/>
      <node ref="JP2" pin="2A"/>
      <node ref="IC2" pin="8"/>
    </net>
    <net code="83" name="/BamBam BoardController/Blinker_R_Out">
      <node ref="Q5" pin="D"/>
      <node ref="X4" pin="P$2"/>
    </net>
    <net code="84" name="Net-(Q4-PadG)">
      <node ref="Q4" pin="G"/>
      <node ref="R7" pin="1"/>
      <node ref="R8" pin="1"/>
    </net>
    <net code="85" name="Net-(Q3-PadG)">
      <node ref="R6" pin="1"/>
      <node ref="R5" pin="1"/>
      <node ref="Q3" pin="G"/>
    </net>
    <net code="86" name="Net-(Q2-PadG)">
      <node ref="Q2" pin="G"/>
      <node ref="R4" pin="1"/>
      <node ref="R3" pin="1"/>
    </net>
    <net code="87" name="/BamBam BoardController/Hupe_Out">
      <node ref="X2" pin="P$1"/>
      <node ref="Q1" pin="D"/>
    </net>
    <net code="88" name="Net-(Q1-PadG)">
      <node ref="R1" pin="1"/>
      <node ref="R2" pin="1"/>
      <node ref="Q1" pin="G"/>
    </net>
    <net code="89" name="/BamBam BoardController/Brems_Vcc">
      <node ref="GS2" pin="1"/>
      <node ref="IC1" pin="6"/>
      <node ref="P1" pin="2"/>
    </net>
    <net code="90" name="/BamBam BoardController/Bremse_Out">
      <node ref="Q3" pin="D"/>
      <node ref="X2" pin="P$3"/>
    </net>
    <net code="91" name="/BamBam BoardController/Licht_Out">
      <node ref="X2" pin="P$2"/>
      <node ref="Q2" pin="D"/>
    </net>
    <net code="92" name="Net-(IC2-Pad4)">
      <node ref="R18" pin="1"/>
      <node ref="IC2" pin="4"/>
    </net>
    <net code="93" name="Net-(IC2-Pad2)">
      <node ref="R16" pin="1"/>
      <node ref="IC2" pin="2"/>
    </net>
    <net code="94" name="/BamBam BoardController/Motor_Opto_B">
      <node ref="R19" pin="1"/>
      <node ref="JP2" pin="1B"/>
      <node ref="IC2" pin="5"/>
    </net>
    <net code="95" name="/BamBam BoardController/Motor_Opto_A">
      <node ref="R17" pin="1"/>
      <node ref="JP2" pin="1A"/>
      <node ref="IC2" pin="7"/>
    </net>
    <net code="96" name="Net-(D1-Pad2)">
      <node ref="JP1" pin="2A"/>
      <node ref="D1" pin="2"/>
    </net>
    <net code="97" name="Net-(D2-Pad2)">
      <node ref="JP1" pin="2B"/>
      <node ref="D2" pin="2"/>
    </net>
    <net code="98" name="/BamBam BoardController/BEC_B-5V">
      <node ref="JP2" pin="2B"/>
      <node ref="IC2" pin="6"/>
    </net>
    <net code="99" name="/BamBam BoardController/GND_BEC_B">
      <node ref="JP2" pin="3B"/>
      <node ref="R19" pin="2"/>
    </net>
  </nets>
</export>
